{"0.1": {"train_loss": [1.0465449270747957, 0.9153556738580976, 0.8603838659468152, 0.8260796001979283, 0.8029570165134612, 0.7951845617521377, 0.7868093660899571, 0.7618835591134571, 0.7650696470623924, 0.7503885008039929, 0.739292365596408, 0.7436798010553632, 0.7274370999563308, 0.7344168470019385, 0.7253175184840248, 0.7164059224582854, 0.7183568909054711, 0.7095784857159569, 0.7083543482280913, 0.707198124840146, 0.705199864932469, 0.6958402639343625, 0.6917527545066107, 0.6881621786526271, 0.6937345987274534, 0.6860207324936276, 0.6864568880626134, 0.6807116349538167], "val_loss": [0.952333030493363, 0.856618274813113, 0.8322246696638025, 0.8023122212161189, 0.7587130924929744, 0.7551794855490975, 0.7348941745965377, 0.74755292871724, 0.7891294748886771, 0.7147586708483489, 0.7064054660175157, 0.7149727810984072, 0.7118581533432007, 0.7315466326215992, 0.7179868428603463, 0.7059177315753439, 0.7002662057461946, 0.6960595094639322, 0.6739030972771023, 0.6924957062887109, 0.6888014855592147, 0.6905336716900701, 0.6644689570302549, 0.6772944849470387, 0.6985493198685024, 0.7317095735798711, 0.6646301331727401, 0.6873283178909965], "val_acc_ai": [0.564, 0.592, 0.6275555555555555, 0.6071111111111112, 0.5995555555555555, 0.6177777777777778, 0.6088888888888889, 0.6275555555555555, 0.6142222222222222, 0.6297777777777778, 0.6431111111111111, 0.6524444444444445, 0.6595555555555556, 0.6555555555555556, 0.6822222222222222, 0.6835555555555556, 0.6853333333333333, 0.6906666666666667, 0.7124444444444444, 0.7093333333333334, 0.7328888888888889, 0.7222222222222222, 0.7404444444444445, 0.7195555555555555, 0.7368888888888889, 0.732, 0.7395555555555555, 0.7155555555555555], "val_acc_domain": [0.4928888888888889, 0.5475555555555556, 0.5617777777777778, 0.5715555555555556, 0.5697777777777778, 0.5795555555555556, 0.5826666666666667, 0.5822222222222222, 0.576, 0.5911111111111111, 0.5875555555555556, 0.5977777777777777, 0.5888888888888889, 0.5951111111111111, 0.5897777777777777, 0.5982222222222222, 0.5848888888888889, 0.6013333333333334, 0.6044444444444445, 0.6111111111111112, 0.5915555555555555, 0.6093333333333333, 0.6022222222222222, 0.6022222222222222, 0.6031111111111112, 0.5871111111111111, 0.6173333333333333, 0.6057777777777777]}, "0.3": {"train_loss": [0.9702986927259536, 0.8617446649642218, 0.8078011966886974, 0.7771749916530791, 0.7514874168804714, 0.7420644090289161, 0.7244515714191255, 0.7050073617980593, 0.7021743280547006, 0.6918094527153742, 0.6795978387196858, 0.6796865605172657, 0.6667208756719317, 0.6678038398424785, 0.66376945518312, 0.6563545982042949, 0.6586103802635557, 0.6510684717269171, 0.6479269703229268, 0.6474500690187727, 0.6426517287890117, 0.6355593380473908, 0.6312631868180775, 0.6271712535903567, 0.6319872481482369, 0.6265446396101089, 0.6271512763840812, 0.622269166083563, 0.6226804983048212, 0.6154599575769334, 0.6121637259210859, 0.6158986330032349, 0.6119296000117347, 0.6098002893584115, 0.607806688830966, 0.6052669241314843, 0.5998170784541539, 0.6043572647230966, 0.6040848527635847, 0.5982206730615525], "val_loss": [0.8920148015022278, 0.800667721292247, 0.7742507483648218, 0.7431797618451326, 0.7138957510823789, 0.7038752203402312, 0.6786314352698948, 0.6941331624984741, 0.7207334611726843, 0.6672015267869701, 0.6495471518972645, 0.66297069321508, 0.6590280273686284, 0.666265518768974, 0.6387512372887653, 0.71190962843273, 0.6533358019331227, 0.6470986215964608, 0.6281176598175712, 0.6390366139619247, 0.6262171994084897, 0.6392258379770361, 0.6177577428195787, 0.6124828587407651, 0.6423603348110033, 0.644734369671863, 0.6254136329111846, 0.6164609064226565, 0.6009370866029159, 0.6238003191740616, 0.6248377043267955, 0.6010450046995411, 0.6087121445199718, 0.5997879271921904, 0.5936085452204165, 0.6134352502615555, 0.6323478558789128, 0.6099269079125446, 0.6017060590826947, 0.6374642330667247], "val_acc_ai": [0.5995555555555555, 0.6333333333333333, 0.652, 0.6853333333333333, 0.7022222222222222, 0.7324444444444445, 0.7497777777777778, 0.7346666666666667, 0.7075555555555556, 0.7537777777777778, 0.7657777777777778, 0.7671111111111111, 0.776, 0.7697777777777778, 0.7786666666666666, 0.7177777777777777, 0.7746666666666666, 0.78, 0.7755555555555556, 0.7728888888888888, 0.7848888888888889, 0.7768888888888889, 0.78, 0.7911111111111111, 0.7911111111111111, 0.7902222222222223, 0.7586666666666667, 0.7937777777777778, 0.8053333333333333, 0.8022222222222222, 0.7995555555555556, 0.7946666666666666, 0.8048888888888889, 0.8164444444444444, 0.8151111111111111, 0.7862222222222223, 0.8222222222222222, 0.8008888888888889, 0.8008888888888889, 0.7555555555555555], "val_acc_domain": [0.49377777777777776, 0.5511111111111111, 0.5608888888888889, 0.5706666666666667, 0.5662222222222222, 0.5808888888888889, 0.5853333333333334, 0.5724444444444444, 0.58, 0.588, 0.5991111111111111, 0.5915555555555555, 0.5866666666666667, 0.5995555555555555, 0.6062222222222222, 0.5857777777777777, 0.5822222222222222, 0.6062222222222222, 0.6142222222222222, 0.6155555555555555, 0.6075555555555555, 0.6071111111111112, 0.6035555555555555, 0.6124444444444445, 0.5991111111111111, 0.5977777777777777, 0.6097777777777778, 0.6155555555555555, 0.6191111111111111, 0.6053333333333333, 0.6075555555555555, 0.6164444444444445, 0.6168888888888889, 0.6173333333333333, 0.616, 0.6164444444444445, 0.6017777777777777, 0.6151111111111112, 0.6133333333333333, 0.6031111111111112]}, "0.5": {"train_loss": [0.891473434652601, 0.7929650420234317, 0.7297715249515715, 0.6998175229345049, 0.6759221008845738, 0.6675511865388779, 0.6529909939992995, 0.6409753861881438, 0.6344753923870269, 0.6232066211246309, 0.6167322857039316, 0.6147400345121111, 0.6051373595283145, 0.6037184533618746, 0.5983643157141549, 0.5965180959020342, 0.5926238593601045, 0.5877635075932457, 0.5840041716893514, 0.5832893101941972, 0.5788805456388564, 0.5690278359821864, 0.5721570423671177, 0.563766326223101, 0.56733476406052, 0.5631685614585876, 0.5647955857572101, 0.5581322411696116, 0.5533283682096573, 0.5511770773501623, 0.5500144879023234, 0.5498618426777068, 0.5507792061283475, 0.5442699591318766, 0.5419877739179702, 0.5418785810470581, 0.5346594884282067, 0.5372184367406936, 0.534597422963097, 0.5328904881363823], "val_loss": [0.8243848966515582, 0.7273003018420675, 0.6962618076282999, 0.662302043126977, 0.6636527206586755, 0.6402195225591245, 0.621674991172293, 0.6311709492102914, 0.6436609781306722, 0.6061044102129729, 0.6036709469297658, 0.6149816461231398, 0.6047469558923141, 0.601638270461041, 0.5819946397905764, 0.6323224979898204, 0.6120277565458546, 0.583957244520602, 0.5744272911030314, 0.5789425373077393, 0.5831321115079133, 0.5586010541604913, 0.5618828081566355, 0.5571472489315531, 0.5649135086847388, 0.5902798668197964, 0.5436510288197062, 0.5515347472999407, 0.538067885067152, 0.5473348433556764, 0.5642946349537891, 0.5406642141549484, 0.5369699817636738, 0.5299585876257523, 0.5289237732472627, 0.5604411208111307, 0.5665625994620116, 0.550327646991481, 0.5341794205748517, 0.6403320509454479], "val_acc_ai": [0.6271111111111111, 0.7035555555555556, 0.7133333333333334, 0.7564444444444445, 0.752, 0.7591111111111111, 0.7702222222222223, 0.7693333333333333, 0.7595555555555555, 0.7813333333333333, 0.7764444444444445, 0.7795555555555556, 0.7844444444444445, 0.776, 0.7977777777777778, 0.7493333333333333, 0.772, 0.8031111111111111, 0.7986666666666666, 0.7933333333333333, 0.7853333333333333, 0.8084444444444444, 0.7924444444444444, 0.8115555555555556, 0.8102222222222222, 0.8004444444444444, 0.8071111111111111, 0.8191111111111111, 0.8177777777777778, 0.8217777777777778, 0.8164444444444444, 0.8168888888888889, 0.8284444444444444, 0.8253333333333334, 0.8346666666666667, 0.8088888888888889, 0.828, 0.8071111111111111, 0.8217777777777778, 0.7448888888888889],